{"Resources/ti.cloud/package.json":1,"Resources/_env_.json":2,"Resources/ti.main.js":2,"Resources/alloy/CFG.js":2,"Resources/alloy/animation.js":2,"Resources/app.js":2,"Resources/Automation/accessibilityLabels.js":2,"Resources/ColorLibrary/colors.js":2,"Resources/Components/Exif.js":2,"Resources/Components/Promise.js":2,"Resources/Components/bluebird.js":2,"Resources/Components/com.alcoapps.socialshare.js":2,"Resources/Components/image.js":2,"Resources/Components/mailcheck.js":2,"Resources/Services/account.service.js":2,"Resources/Services/analytics.service.js":2,"Resources/Services/backgroundimage.service.js":2,"Resources/Services/business.service.js":2,"Resources/Services/checkout.service.js":2,"Resources/Services/config.service.js":2,"Resources/Services/content.service.js":2,"Resources/Services/data.service.js":2,"Resources/Services/demo.service.js":2,"Resources/Services/endpoints.service.js":2,"Resources/Services/error.service.js":2,"Resources/Services/fileUpload.service.js":2,"Resources/Services/fonts.service.js":2,"Resources/Services/geoService.service.js":2,"Resources/Services/http.service.bb.js":2,"Resources/Services/http.service.js":2,"Resources/Services/iconfonts.service.js":2,"Resources/Services/identity.service.js":2,"Resources/Services/idletimer.service.js":2,"Resources/Services/images.service.js":2,"Resources/Services/mask.service.js":2,"Resources/Services/memory.service.js":2,"Resources/Services/messages.service.js":2,"Resources/Services/notification.service.js":2,"Resources/Services/order.service.js":2,"Resources/Services/payment.service.js":2,"Resources/Services/permissions.service.js":2,"Resources/Services/pharmacy.service.js":2,"Resources/Services/photo.service.js":2,"Resources/Services/products.service.js":2,"Resources/Services/questionnaire.service.js":2,"Resources/Services/resetVisit.service.js":2,"Resources/Services/route.service.js":2,"Resources/Services/services.service.js":2,"Resources/Services/test.service.js":2,"Resources/Services/timeout.service.js":2,"Resources/Services/tokbox.service.js":2,"Resources/Services/utilities.service.js":2,"Resources/Services/validation.service.js":2,"Resources/Services/visit.service.js":2,"Resources/StyledComponents/brandBanner.js":2,"Resources/StyledComponents/button.styles.js":2,"Resources/StyledComponents/camera.overlay.js":2,"Resources/StyledComponents/howItWorksDots.js":2,"Resources/StyledComponents/inPageAlert.js":2,"Resources/StyledComponents/styledComponents.js":2,"Resources/UI/ui.backButton.js":2,"Resources/UI/ui.btnReferAFriend.js":2,"Resources/UI/ui.checkBox.js":2,"Resources/UI/ui.hamburgerButton.js":2,"Resources/UI/ui.label.js":2,"Resources/UI/ui.messagesView.js":2,"Resources/UI/ui.paymentActionSheet.js":2,"Resources/UI/ui.radioButton.js":2,"Resources/UI/ui.selectList.js":2,"Resources/UI/ui.textField.js":2,"Resources/adjust_config.js":2,"Resources/adjust_event.js":2,"Resources/alloy/backbone.js":2,"Resources/alloy/constants.js":2,"Resources/alloy/controllers/BaseController.js":2,"Resources/alloy/controllers/UI/ui.accountButton.js":2,"Resources/alloy/controllers/UI/ui.bar.js":2,"Resources/alloy/controllers/UI/ui.blueCalloutBox.js":2,"Resources/alloy/controllers/UI/ui.buttonDefault.js":2,"Resources/alloy/controllers/UI/ui.buttonTransparentUnderlined.js":2,"Resources/alloy/controllers/UI/ui.calendarDateBox.js":2,"Resources/alloy/controllers/UI/ui.expander.js":2,"Resources/alloy/controllers/UI/ui.listButton.js":2,"Resources/alloy/controllers/UI/ui.refillButton.js":2,"Resources/alloy/controllers/assesmentReview.js":2,"Resources/alloy/controllers/bandwithTest.js":2,"Resources/alloy/controllers/buddyServiceList.js":2,"Resources/alloy/controllers/changePassword.js":2,"Resources/alloy/controllers/chat.js":2,"Resources/alloy/controllers/checkout.js":2,"Resources/alloy/controllers/checkoutComplete.js":2,"Resources/alloy/controllers/checkoutCreditCard.js":2,"Resources/alloy/controllers/checkoutPaypal.js":2,"Resources/alloy/controllers/checkoutSummary.js":2,"Resources/alloy/controllers/checkoutSummaryRefills.js":2,"Resources/alloy/controllers/colors.js":2,"Resources/alloy/controllers/completeProfile.js":2,"Resources/alloy/controllers/consentToTelehealth.js":2,"Resources/alloy/controllers/contactus.js":2,"Resources/alloy/controllers/dataviewer.js":2,"Resources/alloy/controllers/discontinuationLanding.js":2,"Resources/alloy/controllers/emailMedicalRecords.js":2,"Resources/alloy/controllers/faq.js":2,"Resources/alloy/controllers/feedback.js":2,"Resources/alloy/controllers/forgotPassword.js":2,"Resources/alloy/controllers/forgotPasswordEnterCode.js":2,"Resources/alloy/controllers/forgotPasswordWithCode.js":2,"Resources/alloy/controllers/howitworks.js":2,"Resources/alloy/controllers/index.js":2,"Resources/alloy/controllers/legals.js":2,"Resources/alloy/controllers/legalsDetail.js":2,"Resources/alloy/controllers/login.js":2,"Resources/alloy/controllers/loginLanding.js":2,"Resources/alloy/controllers/logout.js":2,"Resources/alloy/controllers/membershipPricingSelection.js":2,"Resources/alloy/controllers/membershipSelection.js":2,"Resources/alloy/controllers/messageDetail.js":2,"Resources/alloy/controllers/messages.js":2,"Resources/alloy/controllers/messagesReply.js":2,"Resources/alloy/controllers/micTest.js":2,"Resources/alloy/controllers/multiTreatmentPlan.js":2,"Resources/alloy/controllers/myAccountDetails.js":2,"Resources/alloy/controllers/myAccountLanding.js":2,"Resources/alloy/controllers/myPaymentMethods.js":2,"Resources/alloy/controllers/myPharmacies.js":2,"Resources/alloy/controllers/myaccount.js":2,"Resources/alloy/controllers/nav.js":2,"Resources/alloy/controllers/orderRefillComplete.js":2,"Resources/alloy/controllers/orderRefills.js":2,"Resources/alloy/controllers/pharmacyLanding.js":2,"Resources/alloy/controllers/pharmacySelect.js":2,"Resources/alloy/controllers/pharmacyViewer.js":2,"Resources/alloy/controllers/phoneConsultCalendar.js":2,"Resources/alloy/controllers/phoneConsultChooseTime.js":2,"Resources/alloy/controllers/phoneConsultOptions.js":2,"Resources/alloy/controllers/photoLanding.js":2,"Resources/alloy/controllers/photoMulti.js":2,"Resources/alloy/controllers/photoMultiLanding.js":2,"Resources/alloy/controllers/photoSingles.js":2,"Resources/alloy/controllers/preflight.js":2,"Resources/alloy/controllers/prescreener.js":2,"Resources/alloy/controllers/prescreenerDetail.js":2,"Resources/alloy/controllers/privacy.js":2,"Resources/alloy/controllers/productDetail.js":2,"Resources/alloy/controllers/productDetailDetail.js":2,"Resources/alloy/controllers/productDetailDosagePicker.js":2,"Resources/alloy/controllers/productDetailPricingInfo.js":2,"Resources/alloy/controllers/productList.js":2,"Resources/alloy/controllers/productListRecommended.js":2,"Resources/alloy/controllers/productPathChooser.js":2,"Resources/alloy/controllers/questionnaire.js":2,"Resources/alloy/controllers/questionnaireLanding.js":2,"Resources/alloy/controllers/rateOurApp.js":2,"Resources/alloy/controllers/receipt.js":2,"Resources/alloy/controllers/referAFriend.js":2,"Resources/alloy/controllers/register.js":2,"Resources/alloy/controllers/screen1.js":2,"Resources/alloy/controllers/serviceDown.js":2,"Resources/alloy/controllers/services.js":2,"Resources/alloy/controllers/settings.js":2,"Resources/alloy/controllers/sharedhome.js":2,"Resources/alloy/controllers/shippingChoices.js":2,"Resources/alloy/controllers/subprescreener.js":2,"Resources/alloy/controllers/subproductlisting.js":2,"Resources/alloy/controllers/tempTest.js":2,"Resources/alloy/controllers/terms.js":2,"Resources/alloy/controllers/tokbox.js":2,"Resources/alloy/controllers/treatmentPlan.js":2,"Resources/alloy/controllers/treatmentPlanDetail.js":2,"Resources/alloy/controllers/videoView.js":2,"Resources/alloy/controllers/videoVisit.js":2,"Resources/alloy/controllers/videoVisitClosed.js":2,"Resources/alloy/controllers/videoVisitConfirmNumber.js":2,"Resources/alloy/controllers/videoVisitDiscountOffer.js":2,"Resources/alloy/controllers/videoVisitLobby.js":2,"Resources/alloy/controllers/videoVisitLobby_old.js":2,"Resources/alloy/controllers/videoVisitNotice.js":2,"Resources/alloy/controllers/videoVisitRejected.js":2,"Resources/alloy/controllers/videoVisitUnavailable.js":2,"Resources/alloy/controllers/videoVisitWaiting.js":2,"Resources/alloy/controllers/videoVisitWarning.js":2,"Resources/alloy/controllers/visitComplete.js":2,"Resources/alloy/controllers/visitDetails.js":2,"Resources/alloy/controllers/visitHistoryDetail.js":2,"Resources/alloy/controllers/visitHistoryDetailRequestRefill.js":2,"Resources/alloy/controllers/visitTypeSelection.js":2,"Resources/alloy/controllers/visithistory.js":2,"Resources/alloy/controllers/volumeTest.js":2,"Resources/alloy/controllers/welcomeBack.js":2,"Resources/alloy/controllers/welcomeBackRefills.js":2,"Resources/alloy/models/AssesmentReview.js":2,"Resources/alloy/models/BuddyService.js":2,"Resources/alloy/models/Doctor.js":2,"Resources/alloy/models/Fill.js":2,"Resources/alloy/models/ListButton.js":2,"Resources/alloy/models/MembershipPricingSelection.js":2,"Resources/alloy/models/MembershipSelection.js":2,"Resources/alloy/models/MyAccountLanding.js":2,"Resources/alloy/models/PhoneConsultCalendar.js":2,"Resources/alloy/models/PhoneConsultChooseTime.js":2,"Resources/alloy/models/PhoneConsultOptions.js":2,"Resources/alloy/models/PhotoSingle.js":2,"Resources/alloy/models/ProductDetailPricingInfo.js":2,"Resources/alloy/models/ProductList.js":2,"Resources/alloy/models/Receipt.js":2,"Resources/alloy/models/RefillButton.js":2,"Resources/alloy/models/VideoVisitLobby.js":2,"Resources/alloy/models/VisitDetail.js":2,"Resources/alloy/models/VisitHistoryDetailRequestRefill.js":2,"Resources/alloy/styles/UI/ui.accountButton.js":2,"Resources/alloy/styles/UI/ui.bar.js":2,"Resources/alloy/styles/UI/ui.blueCalloutBox.js":2,"Resources/alloy/styles/UI/ui.buttonDefault.js":2,"Resources/alloy/styles/UI/ui.buttonTransparentUnderlined.js":2,"Resources/alloy/styles/UI/ui.calendarDateBox.js":2,"Resources/alloy/styles/UI/ui.expander.js":2,"Resources/alloy/styles/UI/ui.listButton.js":2,"Resources/alloy/styles/UI/ui.refillButton.js":2,"Resources/alloy/styles/assesmentReview.js":2,"Resources/alloy/styles/bandwithTest.js":2,"Resources/alloy/styles/buddyServiceList.js":2,"Resources/alloy/styles/changePassword.js":2,"Resources/alloy/styles/chat.js":2,"Resources/alloy/styles/checkout.js":2,"Resources/alloy/styles/checkoutComplete.js":2,"Resources/alloy/styles/checkoutCreditCard.js":2,"Resources/alloy/styles/checkoutPaypal.js":2,"Resources/alloy/styles/checkoutSummary.js":2,"Resources/alloy/styles/checkoutSummaryRefills.js":2,"Resources/alloy/styles/colors.js":2,"Resources/alloy/styles/completeProfile.js":2,"Resources/alloy/styles/consentToTelehealth.js":2,"Resources/alloy/styles/contactus.js":2,"Resources/alloy/styles/dataviewer.js":2,"Resources/alloy/styles/discontinuationLanding.js":2,"Resources/alloy/styles/emailMedicalRecords.js":2,"Resources/alloy/styles/faq.js":2,"Resources/alloy/styles/feedback.js":2,"Resources/alloy/styles/forgotPassword.js":2,"Resources/alloy/styles/forgotPasswordEnterCode.js":2,"Resources/alloy/styles/forgotPasswordWithCode.js":2,"Resources/alloy/styles/howitworks.js":2,"Resources/alloy/styles/index.js":2,"Resources/alloy/styles/legals.js":2,"Resources/alloy/styles/legalsDetail.js":2,"Resources/alloy/styles/login.js":2,"Resources/alloy/styles/loginLanding.js":2,"Resources/alloy/styles/logout.js":2,"Resources/alloy/styles/membershipPricingSelection.js":2,"Resources/alloy/styles/membershipSelection.js":2,"Resources/alloy/styles/messageDetail.js":2,"Resources/alloy/styles/messages.js":2,"Resources/alloy/styles/messagesReply.js":2,"Resources/alloy/styles/micTest.js":2,"Resources/alloy/styles/multiTreatmentPlan.js":2,"Resources/alloy/styles/myAccountDetails.js":2,"Resources/alloy/styles/myAccountLanding.js":2,"Resources/alloy/styles/myPaymentMethods.js":2,"Resources/alloy/styles/myPharmacies.js":2,"Resources/alloy/styles/myaccount.js":2,"Resources/alloy/styles/nav.js":2,"Resources/alloy/styles/orderRefillComplete.js":2,"Resources/alloy/styles/orderRefills.js":2,"Resources/alloy/styles/pharmacyLanding.js":2,"Resources/alloy/styles/pharmacySelect.js":2,"Resources/alloy/styles/pharmacyViewer.js":2,"Resources/alloy/styles/phoneConsultCalendar.js":2,"Resources/alloy/styles/phoneConsultChooseTime.js":2,"Resources/alloy/styles/phoneConsultOptions.js":2,"Resources/alloy/styles/photoLanding.js":2,"Resources/alloy/styles/photoMulti.js":2,"Resources/alloy/styles/photoMultiLanding.js":2,"Resources/alloy/styles/photoSingles.js":2,"Resources/alloy/styles/preflight.js":2,"Resources/alloy/styles/prescreener.js":2,"Resources/alloy/styles/prescreenerDetail.js":2,"Resources/alloy/styles/privacy.js":2,"Resources/alloy/styles/productDetail.js":2,"Resources/alloy/styles/productDetailDetail.js":2,"Resources/alloy/styles/productDetailDosagePicker.js":2,"Resources/alloy/styles/productDetailPricingInfo.js":2,"Resources/alloy/styles/productList.js":2,"Resources/alloy/styles/productListRecommended.js":2,"Resources/alloy/styles/productPathChooser.js":2,"Resources/alloy/styles/questionnaire.js":2,"Resources/alloy/styles/questionnaireLanding.js":2,"Resources/alloy/styles/rateOurApp.js":2,"Resources/alloy/styles/receipt.js":2,"Resources/alloy/styles/referAFriend.js":2,"Resources/alloy/styles/register.js":2,"Resources/alloy/styles/screen1.js":2,"Resources/alloy/styles/serviceDown.js":2,"Resources/alloy/styles/services.js":2,"Resources/alloy/styles/settings.js":2,"Resources/alloy/styles/sharedhome.js":2,"Resources/alloy/styles/shippingChoices.js":2,"Resources/alloy/styles/subprescreener.js":2,"Resources/alloy/styles/subproductlisting.js":2,"Resources/alloy/styles/tempTest.js":2,"Resources/alloy/styles/terms.js":2,"Resources/alloy/styles/tokbox.js":2,"Resources/alloy/styles/treatmentPlan.js":2,"Resources/alloy/styles/treatmentPlanDetail.js":2,"Resources/alloy/styles/videoView.js":2,"Resources/alloy/styles/videoVisit.js":2,"Resources/alloy/styles/videoVisitClosed.js":2,"Resources/alloy/styles/videoVisitConfirmNumber.js":2,"Resources/alloy/styles/videoVisitDiscountOffer.js":2,"Resources/alloy/styles/videoVisitLobby.js":2,"Resources/alloy/styles/videoVisitLobby_old.js":2,"Resources/alloy/styles/videoVisitNotice.js":2,"Resources/alloy/styles/videoVisitRejected.js":2,"Resources/alloy/styles/videoVisitUnavailable.js":2,"Resources/alloy/styles/videoVisitWaiting.js":2,"Resources/alloy/styles/videoVisitWarning.js":2,"Resources/alloy/styles/visitComplete.js":2,"Resources/alloy/styles/visitDetails.js":2,"Resources/alloy/styles/visitHistoryDetail.js":2,"Resources/alloy/styles/visitHistoryDetailRequestRefill.js":2,"Resources/alloy/styles/visitTypeSelection.js":2,"Resources/alloy/styles/visithistory.js":2,"Resources/alloy/styles/volumeTest.js":2,"Resources/alloy/styles/welcomeBack.js":2,"Resources/alloy/styles/welcomeBackRefills.js":2,"Resources/alloy/sync/localStorage.js":2,"Resources/alloy/sync/properties.js":2,"Resources/alloy/sync/sql.js":2,"Resources/alloy/underscore.js":2,"Resources/alloy/widget.js":2,"Resources/alloy.js":2,"Resources/colors.js":2,"Resources/cryptoJS.js":2,"Resources/input-mask.js":2,"Resources/loginDevelopmentPickers.js":2,"Resources/modalsAlerts.js":2,"Resources/moment.js":2,"Resources/momenttz.js":2,"Resources/pageNavigation.js":2,"Resources/progressbar.js":2,"Resources/should.js":2,"Resources/slideNav.js":2,"Resources/tests/tests.js":2,"Resources/ti-mocha.js":2,"Resources/utils.js":2,"Resources/ti.cloud/ti.cloud.js":2,"Resources/ti.internal/bootstrap.json":2}